key,doi,kind,verified,fetched,cited_in
lin_2014_hawaii,10.1002/2013jb010820,doi,"web-2026-10-07 (DOI resolved at doi.org, title, first author and year checked)",ok,configs/sources.yaml; docs/paper/rainier3d_paper.md
anderson_pitlick_2014,10.1002/2013jf002933,doi,web-2026-09-25 (Crossref),cached,configs/sources.yaml; docs/paper/rainier3d_paper.md
obrebski2015,10.1002/2014gc005581,doi,web-2026-09-25 (DOI resolved),cached,configs/sources.yaml; docs/data_inventory.md; docs/paper/rainier3d_paper.md
lee_2014_cvms426,10.1002/2014jb011346,doi,"web-2026-10-07 (DOI resolved at doi.org, title, first author and year checked)",ok,configs/sources.yaml; docs/paper/rainier3d_paper.md
desiena2014,10.1002/2014jb011372,doi,,cached,docs/data_inventory.md; scripts/15_bibliography.py
blewitt_2016_midas,10.1002/2015jb012552,doi,web-2026-09-24 (DOI resolved),cached,configs/gnss.yaml; configs/sources.yaml; docs/paper/rainier3d_paper.md; src/rainier3d/geodesy/velocity.py
moon2017,10.1002/2016jf004155,doi,,cached,docs/critical_zone.md
soilgrids_bdticm_article,10.1002/2016ms000686,doi,"web-2026-10-02 (windowed read of the global GeoTIFF, DOI resolved)",cached,configs/sources.yaml; docs/data_inventory.md; docs/paper/rainier3d_paper.md
holbrook_2014,10.1002/esp.3502,doi,"web-2026-10-03 (DOI resolved at doi.org, title and authors checked)",cached,configs/sources.yaml; docs/critical_zone.md; docs/paper/rainier3d_paper.md
riebe_2017,10.1002/esp.4052,doi,"web-2026-10-03 (DOI resolved at doi.org, title and authors checked)",cached,configs/sources.yaml; docs/critical_zone.md; docs/paper/rainier3d_paper.md
shelly2013,10.1002/grl.50354,doi,,cached,docs/data_inventory.md
flinchum_2018,10.1002/hyp.13260,doi,"web-2026-10-03 (DOI resolved at doi.org, title and authors checked)",cached,configs/sources.yaml; docs/critical_zone.md; docs/paper/rainier3d_paper.md
solus100_article,10.1002/saj2.20769,doi,"web-2026-09-24 (COG read, DataCite and Crossref); web-2026-10-02 (bucket listing, Final_Layer_Table_20231215.csv scalars)",cached,configs/sources.yaml; docs/paper/rainier3d_paper.md
lomax_2000,10.1007/978-94-015-9536-0_5,doi,web-2026-09-24 (Crossref),cached,configs/sources.yaml; configs/velocity_calibration.yaml; configs/velocity_calibration_v1.yaml; configs/velocity_calibration_v2.yaml; docs/joint_calibration.md; docs/paper/rainier3d_paper.md; scripts/13_joint_calibration.py
watters2000,10.1007/s000240050012,doi,web-2026-09-25 (DOI resolved),cached,configs/sources.yaml; docs/data_inventory.md; docs/joint_calibration.md; docs/paper/rainier3d_paper.md; scripts/15_bibliography.py
heap2021,10.1007/s00445-021-01447-2,doi,web-2026-09-25 (DOI resolved),cached,configs/sources.yaml; docs/alteration.md; docs/data_inventory.md; docs/joint_calibration.md; docs/paper/rainier3d_paper.md
mirus_2020,10.1007/s10346-020-01424-4,doi,web-2026-09-25 (Crossref),cached,configs/sources.yaml; docs/paper/rainier3d_paper.md
walton_1987,10.1016/0022-5096(87)90036-6,doi,"web-2026-10-03 (DOI resolved at doi.org, title and authors checked)",cached,configs/sources.yaml; docs/paper/rainier3d_paper.md
frank1995,10.1016/0377-0273(94)00081-q,doi,web-2026-09-25 (DOI resolved),cached,configs/sources.yaml; docs/data_inventory.md; docs/paper/rainier3d_paper.md
lebreton2021,10.1016/j.earscirev.2021.103518,doi,,cached,docs/critical_zone.md
shaw_2015_cvmh,10.1016/j.epsl.2015.01.016,doi,"web-2026-10-07 (DOI resolved at doi.org, title, first author and year checked)",ok,configs/sources.yaml; docs/paper/rainier3d_paper.md
wang_2020_cz,10.1016/j.epsl.2020.116517,doi,"web-2026-10-03 (DOI resolved at doi.org, title and authors checked)",cached,configs/sources.yaml; docs/critical_zone.md; docs/paper/rainier3d_paper.md
legg_2014,10.1016/j.geomorph.2014.08.003,doi,web-2026-09-25 (Crossref),cached,configs/sources.yaml; docs/paper/rainier3d_paper.md
pasquet_2015,10.1016/j.jappgeo.2014.12.005,doi,"web-2026-10-03 (DOI resolved at doi.org, title and authors checked)",cached,configs/sources.yaml; docs/critical_zone.md; docs/paper/rainier3d_paper.md
john_2008,10.1016/j.jvolgeores.2008.04.004,doi,web-2026-09-23,cached,configs/sources.yaml; configs/units.yaml; docs/data_inventory.md; docs/paper/rainier3d_paper.md; src/rainier3d/export/atlas.py
allstadt_2018,10.1016/j.jvolgeores.2018.09.007,doi,web-2026-09-25 (Crossref),cached,configs/sources.yaml; docs/paper/rainier3d_paper.md
tolan2024,10.1016/j.rse.2023.113888,doi,,cached,docs/data_inventory.md
dubayah2020,10.1016/j.srs.2020.100002,doi,,cached,docs/data_inventory.md
mavko_2020,10.1017/9781108333016,doi,"web-2026-10-03 (DOI resolved at doi.org, title and authors checked)",cached,configs/sources.yaml; docs/paper/rainier3d_paper.md
johnson_1985,10.1017/cbo9781139171731,doi,web-2026-09-24 (DOI resolved),cached,configs/gnss.yaml; configs/sources.yaml; docs/paper/rainier3d_paper.md
moran_1999,10.1029/1999jb900036,doi,web-2026-09-23,cached,configs/sources.yaml; configs/units.yaml; docs/data_inventory.md; docs/paper/rainier3d_paper.md
iverson2000,10.1029/2000wr900090,doi,,cached,docs/critical_zone.md
tague2004,10.1029/2003wr002629,doi,,cached,docs/critical_zone.md
jefferson2006,10.1029/2005wr004812,doi,,cached,docs/critical_zone.md
sensschonfelder2006,10.1029/2006gl027797,doi,,cached,docs/critical_zone.md
burtin_2008,10.1029/2007jb005034,doi,web-2026-09-26 (doi.org),cached,configs/sources.yaml
lu2008,10.1029/2008wr006976,doi,,cached,docs/critical_zone.md
lu_godt_wu_2010,10.1029/2009wr008646,doi,"web-2026-10-02 (DOI resolved at doi.org, title and authors checked)",cached,configs/sources.yaml; docs/critical_zone.md; docs/paper/rainier3d_paper.md
calkins2011,10.1029/2010jb007657,doi,,cached,docs/data_inventory.md
tsai_2012,10.1029/2011gl050255,doi,web-2026-09-26 (doi.org),cached,configs/sources.yaml
mainsant2012,10.1029/2012gl053159,doi,,cached,docs/critical_zone.md
flinchum2018,10.1029/2017jf004280,doi,,cached,docs/critical_zone.md
unr_ngl_gnss,10.1029/2018eo104623,doi,web-2026-09-24 (download; 54 sites not in PANGA plus 20 shared),cached,configs/gnss.yaml; configs/sources.yaml; docs/paper/rainier3d_paper.md; scripts/15_bibliography.py
clements2018,10.1029/2018gl077706,doi,,cached,docs/critical_zone.md
delph2018,10.1029/2018gl079518,doi,,cached,docs/data_inventory.md
polaris_article,10.1029/2018wr022797,doi,"web-2026-10-02 (Readme units, per-variable VRT windowed read, DOI resolved)",cached,configs/sources.yaml; docs/paper/rainier3d_paper.md
ulberg_2020_article,10.1029/2019gc008888,doi,web-2026-09-24 (EMC file and metadata read; authors from Crossref),cached,configs/sources.yaml; docs/data_inventory.md; docs/joint_calibration.md; docs/paper/rainier3d_paper.md
florea2021,10.1029/2020jd033565,doi,,cached,docs/data_inventory.md
illien2021,10.1029/2021av000398,doi,,cached,docs/critical_zone.md
solazzi_2021,10.1029/2021jb022074,doi,"web-2026-10-03 (DOI resolved at doi.org, title and authors checked)",cached,configs/sources.yaml; docs/critical_zone.md; docs/paper/rainier3d_paper.md
heap2021a,10.1029/2021jb022514,doi,,cached,docs/data_inventory.md
illien2022,10.1029/2021jb023402,doi,,cached,docs/critical_zone.md
jiang2023,10.1029/2022gc010738,doi,,cached,docs/data_inventory.md
pasquet2022,10.1029/2022gl098433,doi,,cached,docs/critical_zone.md
clements_denolle_2023,10.1029/2022jb025553,doi,"web-2026-10-03 (DOI resolved at doi.org, title and authors checked)",cached,configs/sources.yaml; docs/critical_zone.md; docs/paper/rainier3d_paper.md
flinchum2024,10.1029/2023gl105946,doi,,cached,docs/critical_zone.md
hearn_2026_crm,10.1029/2025ea004401,doi,"web-2026-10-07 (DOI resolved at doi.org, title, first author and year checked)",ok,configs/sources.yaml; docs/paper/rainier3d_paper.md
crescent_gen0,10.1029/2025jb033216,doi,web-2026-09-23 (citation); local file ~/GitHub/cascadia_obs_ensemble/data/tomography/CRESCENT_Gen0.nc,cached,configs/products.yaml; configs/sources.yaml; docs/data_inventory.md; docs/joint_calibration.md; docs/paper/rainier3d_paper.md; src/rainier3d/export/atlas.py; src/rainier3d/fusion/build.py
flinchum_2025,10.1029/2025jf008346,doi,"web-2026-10-03 (DOI resolved at doi.org, title and authors checked)",cached,configs/sources.yaml; docs/critical_zone.md; docs/paper/rainier3d_paper.md
grana2026,10.1029/2025rg000912,doi,,cached,docs/critical_zone.md
kissling_1994,10.1029/93jb03138,doi,web-2026-09-24 (Crossref),cached,configs/sources.yaml; configs/velocity_calibration.yaml; configs/velocity_calibration_v1.yaml; configs/velocity_calibration_v2.yaml; docs/joint_calibration.md; docs/paper/rainier3d_paper.md; scripts/13_joint_calibration.py
christensen_1996,10.1029/95jb03446,doi,web-2026-09-24 (DOI resolved),cached,configs/sources.yaml; configs/velocity_calibration.yaml; configs/velocity_calibration_v1.yaml; configs/velocity_calibration_v2.yaml; configs/vs_calibration.yaml; docs/paper/rainier3d_paper.md; scripts/12_calibrate_vs.py; scripts/13_joint_calibration.py
miller1997,10.1029/97jb00882,doi,,cached,docs/data_inventory.md
pavlis_booker_1980,10.1029/jb085ib09p04801,doi,web-2026-09-24 (Crossref),cached,configs/sources.yaml; configs/velocity_calibration.yaml; configs/velocity_calibration_v1.yaml; configs/velocity_calibration_v2.yaml; docs/joint_calibration.md; docs/paper/rainier3d_paper.md; scripts/13_joint_calibration.py
thurber_1983,10.1029/jb088ib10p08226,doi,web-2026-09-24 (Crossref),cached,configs/sources.yaml; configs/velocity_calibration.yaml; configs/velocity_calibration_v2.yaml; docs/joint_calibration.md; docs/paper/rainier3d_paper.md; scripts/13_joint_calibration.py
celia_1990,10.1029/wr026i007p01483,doi,"web-2026-10-03 (DOI resolved at doi.org, title and authors checked)",cached,configs/sources.yaml; docs/paper/rainier3d_paper.md
finn_2001,10.1038/35054533,doi,web-2026-09-23,cached,configs/sources.yaml; configs/units.yaml; docs/alteration.md; docs/data_inventory.md; docs/packwood_magnetics.md; docs/paper/rainier3d_paper.md; scripts/03_geomodel.py; scripts/22_alteration_finn2001.py; scripts/36_packwood_magnetics.py; src/rainier3d/export/atlas.py; src/rainier3d/geomodel/rules.py
mcgary2014,10.1038/nature13493,doi,,cached,docs/data_inventory.md; docs/paper/rainier3d_paper.md
shen_2024,10.1038/s41467-024-50690-6,doi,"web-2026-10-03 (DOI resolved at doi.org, title and authors checked)",cached,configs/sources.yaml; docs/critical_zone.md; docs/paper/rainier3d_paper.md
eth_canopy_2020_article,10.1038/s41559-023-02206-6,doi,web-2026-09-24 (COG range reads),cached,configs/sources.yaml; docs/paper/rainier3d_paper.md
bedrosian2018,10.1038/s41561-018-0217-2,doi,,cached,docs/data_inventory.md
farinotti2019,10.1038/s41561-019-0300-3,doi,,cached,docs/data_inventory.md
millan2022,10.1038/s41561-021-00885-z,doi,,cached,docs/data_inventory.md
pang_2025,10.1038/s41561-024-01630-y,doi,web-2026-09-23,cached,configs/sources.yaml; docs/data_inventory.md; docs/paper/rainier3d_paper.md
hugonnet2021,10.1038/s41586-021-03436-z,doi,,cached,docs/data_inventory.md
flinders2017,10.1038/s41598-017-07123-w,doi,web-2026-09-25 (DOI resolved),cached,configs/sources.yaml; docs/data_inventory.md; docs/paper/rainier3d_paper.md
lecocq2017,10.1038/s41598-017-14468-9,doi,,cached,docs/critical_zone.md
calo_2018_campiflegrei,10.1038/s41598-018-34456-x,doi,"web-2026-10-07 (DOI resolved at doi.org, title, first author and year checked)",ok,configs/sources.yaml; docs/paper/rainier3d_paper.md
totaro_2024_etna,10.1038/s41598-024-74349-w,doi,"web-2026-10-07 (DOI resolved at doi.org, title, first author and year checked)",ok,configs/sources.yaml; docs/paper/rainier3d_paper.md
chen_2023_fuxi,10.1038/s41612-023-00512-1,doi,web-2026-09-26 (doi.org),cached,configs/sources.yaml; docs/events.md
ma2026_wtd_article,10.1038/s43247-025-03094-3,doi,"web-2026-09-24 (Zenodo record, windowed read)",cached,configs/sources.yaml; docs/paper/rainier3d_paper.md
bauer_2021_digitalrevolution,10.1038/s43588-021-00023-0,doi,"web-2026-10-07 (DOI resolved at doi.org, title, first author and year checked)",ok,configs/sources.yaml; docs/paper/rainier3d_paper.md
wilkinson_2016_fair,10.1038/sdata.2016.18,doi,"web-2026-10-07 (DOI resolved at doi.org, title, first author and year checked)",ok,configs/sources.yaml; docs/paper/rainier3d_paper.md
lu_likos_2006,10.1061/(asce)1090-0241(2006)132:2(131),doi,"web-2026-10-03 (DOI resolved at doi.org, title and authors checked)",cached,configs/sources.yaml; docs/critical_zone.md; docs/paper/rainier3d_paper.md
rempe2014,10.1073/pnas.1404763111,doi,,cached,docs/critical_zone.md
fan2017_wtd,10.1073/pnas.1712381114,doi,web-2026-09-24 (OPeNDAP clip),cached,configs/sources.yaml; docs/paper/rainier3d_paper.md; scripts/02_surface_layers.py; src/rainier3d/surface/layers.py
rempe2018,10.1073/pnas.1800141115,doi,,cached,docs/critical_zone.md
karlstrom_2025,10.1073/pnas.2415155122,doi,"web-2026-10-03 (DOI resolved at doi.org, title and authors checked)",cached,configs/sources.yaml; docs/critical_zone.md; docs/paper/rainier3d_paper.md
caine_1980,10.1080/04353676.1980.11879996,doi,web-2026-09-26 (doi.org),cached,configs/sources.yaml
hill_1952,10.1088/0370-1298/65/5/307,doi,"web-2026-10-03 (DOI resolved at doi.org, title and authors checked)",cached,configs/sources.yaml; docs/paper/rainier3d_paper.md
obermann2013,10.1093/gji/ggt043,doi,,cached,docs/critical_zone.md
wagner2019,10.1093/gji/ggz402,doi,,cached,docs/critical_zone.md
makse_1999,10.1103/physrevlett.83.5070,doi,"web-2026-10-03 (DOI resolved at doi.org, title and authors checked)",cached,configs/sources.yaml; docs/critical_zone.md; docs/paper/rainier3d_paper.md
podvin_1991_fd,10.1111/j.1365-246x.1991.tb03461.x,doi,"web-2026-10-07 (DOI resolved at doi.org, title, first author and year checked)",ok,configs/sources.yaml; docs/paper/rainier3d_paper.md
mindlin_1949,10.1115/1.4009973,doi,"web-2026-10-03 (DOI resolved at doi.org, title and authors checked)",cached,configs/sources.yaml; docs/paper/rainier3d_paper.md
biot_1956,10.1121/1.1908239,doi,"web-2026-10-03 (DOI resolved at doi.org, title and authors checked)",cached,configs/sources.yaml; docs/critical_zone.md; docs/paper/rainier3d_paper.md
huang_2015_yellowstone,10.1126/science.aaa5648,doi,"web-2026-10-07 (DOI resolved at doi.org, title, first author and year checked)",ok,configs/sources.yaml; docs/paper/rainier3d_paper.md
st_clair_2015,10.1126/science.aab2210,doi,"web-2026-10-03 (DOI resolved at doi.org, title and authors checked)",cached,configs/sources.yaml; docs/critical_zone.md; docs/paper/rainier3d_paper.md
lam_2023_graphcast,10.1126/science.adi2336,doi,web-2026-09-26 (doi.org),cached,configs/sources.yaml; docs/events.md
shi_2026,10.1126/science.aec0970,doi,"web-2026-10-03 (DOI resolved at doi.org, title and authors checked)",cached,configs/sources.yaml; docs/critical_zone.md; docs/paper/rainier3d_paper.md
vallance_scott_1997,10.1130/0016-7606(1997)109<0143:tomfmr>2.3.co;2,doi,web-2026-09-25 (Crossref),cached,configs/sources.yaml; docs/paper/rainier3d_paper.md; scripts/15_bibliography.py; src/rainier3d/export/atlas.py
ingebritsen_manning_1999,10.1130/0091-7613(1999)027<1107:gioapd>2.3.co;2,doi,"web-2026-10-02 (DOI resolved at doi.org, title and authors checked)",cached,configs/cz.yaml; configs/sources.yaml; docs/paper/rainier3d_paper.md
sisson2011,10.1130/g31902.1,doi,web-2026-09-25 (DOI resolved),cached,configs/sources.yaml; docs/data_inventory.md; docs/paper/rainier3d_paper.md
kiser_2016_msh,10.1130/g37591.1,doi,"web-2026-10-07 (DOI resolved at doi.org, title, first author and year checked)",ok,configs/sources.yaml; docs/paper/rainier3d_paper.md
mrms_qpe,10.1175/bams-d-14-00174.1,doi,"web-2026-09-25 (bucket listed; 2025-12-09 12:00 UTC file read, box maximum 4.2 mm)",cached,configs/events.yaml; configs/sources.yaml; docs/events.md; docs/paper/rainier3d_paper.md; src/rainier3d/hydromet/events.py
radford_2025_mlwp,10.1175/bams-d-24-0057.1,doi,"web-2026-09-26 (doi.org; archive listed, GraphCast 2025-12-08 00 UTC run read over the domain)",cached,configs/sources.yaml; docs/events.md
usgs_vs30_hybrid_article,10.1177/8755293020911137,doi,"web-2026-10-02 (HTTP range read of the HDF5 grid, DOI resolved)",cached,configs/sources.yaml; docs/paper/rainier3d_paper.md
igrf13,10.1186/s40623-020-01288-x,doi,"web-2026-10-01 (Crossref); field direction from the IAGA coefficients, which reproduce the survey's IGRF channel to 1.3 nT when IGRF-12 is used as the contractor did",cached,configs/magnetics.yaml; configs/sources.yaml; docs/packwood_magnetics.md; scripts/36_packwood_magnetics.py
dvorkin_nur_1996,10.1190/1.1444059,doi,"web-2026-10-02 (DOI resolved at doi.org, title and authors checked)",cached,configs/sources.yaml; docs/critical_zone.md; docs/paper/rainier3d_paper.md
huber_1964,10.1214/aoms/1177703732,doi,web-2026-09-24 (Crossref),cached,configs/sources.yaml; configs/velocity_calibration.yaml; configs/velocity_calibration_v2.yaml; docs/joint_calibration.md; docs/paper/rainier3d_paper.md; scripts/13_joint_calibration.py
solus100,10.15482/usda.adc/25033856,doi,"web-2026-09-24 (COG read, DataCite and Crossref); web-2026-10-02 (bucket listing, Final_Layer_Table_20231215.csv scalars)",cached,configs/cz.yaml; configs/soil.yaml; configs/sources.yaml; docs/paper/rainier3d_paper.md; src/rainier3d/surface/layers.py
ulberg_2020,10.17611/dp/emc.2020.imushloceq.1,doi,web-2026-09-24 (EMC file and metadata read; authors from Crossref),cached,configs/sources.yaml; docs/joint_calibration.md; docs/paper/rainier3d_paper.md
olsen_2003_q,10.1785/0120020135,doi,"web-2026-10-07 (DOI resolved at doi.org, title, first author and year checked)",ok,configs/sources.yaml; docs/paper/rainier3d_paper.md
brocher_2005,10.1785/0120050077,doi,"web-2026-10-07 (DOI resolved at doi.org, title and author checked); relations coded from the paper's Eqs. 1, 6 and 9",cached,configs/sources.yaml; docs/data_inventory.md; docs/joint_calibration.md; docs/paper/rainier3d_paper.md; src/rainier3d/petro/relations.py
plesch_2007_cfm,10.1785/0120050211,doi,"web-2026-10-07 (DOI resolved at doi.org, title, first author and year checked)",ok,configs/sources.yaml; docs/paper/rainier3d_paper.md
shen_2015_strain,10.1785/0120140247,doi,web-2026-09-24 (DOI resolved),cached,configs/gnss.yaml; configs/sources.yaml; docs/paper/rainier3d_paper.md; src/rainier3d/geodesy/strain.py
ahdi2017,10.1785/0120160335,doi,,cached,configs/sources.yaml
small_2017_ucvm,10.1785/0220170082,doi,"web-2026-10-07 (DOI resolved at doi.org, title, first author and year checked)",ok,configs/sources.yaml; docs/paper/rainier3d_paper.md
white_2020,10.1785/0220190318,doi,web-2026-09-24 (Crossref),cached,configs/sources.yaml; configs/velocity_calibration.yaml; configs/velocity_calibration_v2.yaml; docs/joint_calibration.md; docs/paper/rainier3d_paper.md; scripts/13_joint_calibration.py
kopfli2024,10.1785/0220240079,doi,,cached,docs/data_inventory.md
kramer_2024,10.1785/0220240112,doi,web-2026-09-25 (Crossref),cached,configs/sources.yaml; docs/paper/rainier3d_paper.md
stanley1996,10.1785/bssa08601a0001,doi,web-2026-09-25 (DOI resolved),cached,configs/sources.yaml; docs/data_inventory.md; docs/paper/rainier3d_paper.md
brie_1995,10.2118/30595-ms,doi,"web-2026-10-03 (DOI resolved at doi.org, title and authors checked)",cached,configs/sources.yaml; docs/critical_zone.md; docs/paper/rainier3d_paper.md
van_genuchten_1980,10.2136/sssaj1980.03615995004400050002x,doi,"web-2026-10-03 (DOI resolved at doi.org, title and authors checked)",cached,configs/sources.yaml; docs/critical_zone.md; docs/paper/rainier3d_paper.md
ni2023,10.26443/seismica.v2i1.368,doi,web-2026-09-25 (DOI resolved),cached,configs/sources.yaml; docs/data_inventory.md; docs/paper/rainier3d_paper.md
kharita_2026,10.26443/seismica.v5i1.2068,doi,web-2026-09-25 (Crossref),cached,configs/sources.yaml; docs/paper/rainier3d_paper.md
crandell_fahnestock_1965,10.3133/b1221a,doi,web-2026-09-25 (Crossref),cached,configs/sources.yaml; docs/paper/rainier3d_paper.md
rystrom_2000,10.3133/ofr200027,doi,web-2026-09-24 (grids and flight lines downloaded; registration checked against topography and ice),cached,configs/sources.yaml; configs/units.yaml; docs/alteration.md; docs/data_inventory.md; docs/packwood_magnetics.md; docs/paper/rainier3d_paper.md; scripts/22_alteration_finn2001.py; scripts/36_packwood_magnetics.py; src/rainier3d/export/atlas.py
schilling_2008,10.3133/ofr20071220,doi,"web-2026-09-25 (Crossref); shapefiles downloaded by S24 2026-09-25; UTM 10N, NAD27 from metadata.txt (no .prj)",cached,configs/sources.yaml; docs/data_inventory.md; docs/mass_movements.md; docs/paper/rainier3d_paper.md; scripts/24_mass_movements.py; src/rainier3d/surface/mass_movements.py
baum2008,10.3133/ofr20081159,doi,,cached,docs/critical_zone.md
stephenson_2017_cascadia,10.3133/ofr20171152,doi,"web-2026-10-07 (DOI resolved at doi.org, title, first author and year checked)",ok,configs/sources.yaml; docs/paper/rainier3d_paper.md
cvm17_article,10.3133/ofr20251045,doi,web-2026-09-23,cached,configs/sources.yaml; docs/joint_calibration.md; docs/paper/rainier3d_paper.md
hoblitt_1998,10.3133/ofr98428,doi,web-2026-09-25 (Crossref),cached,configs/sources.yaml; docs/paper/rainier3d_paper.md
driedger1986,10.3133/pp1365,doi,web-2026-09-25 (DOI resolved),cached,configs/sources.yaml; docs/paper/rainier3d_paper.md
scott_1995,10.3133/pp1547,doi,web-2026-09-25 (Crossref),cached,configs/sources.yaml; docs/paper/rainier3d_paper.md
fiske_1963,10.3133/pp444,doi,web-2026-09-23,cached,configs/overlays.yaml; configs/sources.yaml; docs/paper/rainier3d_paper.md
crandell_1971,10.3133/pp677,doi,web-2026-09-25 (Crossref),cached,configs/sources.yaml; docs/paper/rainier3d_paper.md
fuhrig2024,10.3133/sir20245015,doi,web-2026-09-25 (DOI resolved),cached,configs/sources.yaml; docs/paper/rainier3d_paper.md
walder_driedger_1994,10.3133/wri934093,doi,web-2026-09-25 (Crossref),cached,configs/sources.yaml; docs/paper/rainier3d_paper.md
walder_driedger_1995,10.3189/s0022143000017718,doi,web-2026-09-25 (Crossref),cached,configs/sources.yaml; docs/paper/rainier3d_paper.md
pelletier2016,10.3334/ornldaac/1304,doi,,cached,docs/data_inventory.md
gedi_l3,10.3334/ornldaac/1952,doi,web-2026-09-24 (DOI resolved),cached,configs/canopy_products.yaml; configs/sources.yaml; docs/canopy_pipeline.md; docs/paper/rainier3d_paper.md; scripts/28_canopy_pipeline.py
gedi_l4b,10.3334/ornldaac/2299,doi,web-2026-09-24 (DOI resolved),cached,configs/canopy_products.yaml; configs/sources.yaml; docs/paper/rainier3d_paper.md
flinchum2022,10.3389/frwa.2021.772185,doi,,cached,docs/critical_zone.md
eth_canopy_2020,10.3929/ethz-b-000609802,doi,web-2026-09-24 (COG range reads),cached,configs/sources.yaml; docs/paper/rainier3d_paper.md; src/rainier3d/surface/layers.py
lang_2024_aifs,10.48550/arxiv.2406.01465,doi,web-2026-09-26 (doi.org),cached,configs/sources.yaml; docs/events.md
allstadt_2017_esec,10.5066/f7251h3w,doi,web-2026-09-25 (DataCite); Events.csv downloaded by S24 2026-09-25 (19 events in the model box),cached,configs/sources.yaml; docs/data_inventory.md; docs/mass_movements.md; docs/paper/rainier3d_paper.md; src/rainier3d/surface/mass_movements.py
usgs_landslide_inventory_v3,10.5066/p14ajf8i,doi,web-2026-09-25 (DataCite),cached,configs/sources.yaml; docs/paper/rainier3d_paper.md
cvm17,10.5066/p14hj3ic,doi,web-2026-09-23,cached,configs/products.yaml; configs/sources.yaml; docs/data_inventory.md; docs/paper/rainier3d_paper.md; scripts/15_bibliography.py; src/rainier3d/export/atlas.py; src/rainier3d/fusion/regional.py
esec_v3,10.5066/p90vgcsk,doi,web-2026-09-25 (DataCite),cached,configs/sources.yaml; docs/data_inventory.md; docs/mass_movements.md; docs/paper/rainier3d_paper.md
aagaard2021,10.5066/p98ca3d5,doi,web-2026-09-25 (DOI resolved),cached,configs/sources.yaml; docs/paper/rainier3d_paper.md
nshm23_fsd,10.5066/p9awinwz,doi,"web-2026-09-25 (DataCite; NSHM23_FSD_v3.geojson read; no fault section in the model box, nearest Olympia 17 km and Tacoma 28 km outside it)",cached,configs/sources.yaml; docs/data_inventory.md; docs/mass_movements.md; docs/paper/rainier3d_paper.md
dewitz2023,10.5066/p9jz7ao3,doi,,cached,docs/data_inventory.md
blakely_2024,10.5066/p9ujhqu1,doi,"web-2026-10-01 (DataCite; grid, flight lines, metadata and data dictionary downloaded; registration checked against topography)",cached,configs/magnetics.yaml; configs/sources.yaml; docs/data_inventory.md; docs/packwood_magnetics.md; scripts/36_packwood_magnetics.py; src/rainier3d/alteration/packwood.py
rgiconsortium2023,10.5067/f6jmovy5navz,doi,,cached,docs/data_inventory.md
gedi_l2b,10.5067/gedi/gedi02_b.002,doi,web-2026-09-24 (DOI resolved),cached,configs/canopy_products.yaml; configs/sources.yaml; docs/canopy_pipeline.md; docs/paper/rainier3d_paper.md; scripts/28_canopy_pipeline.py
opentopography2005,10.5069/g9cc0xmc,doi,,cached,docs/data_inventory.md
michailos_2023_alpsmoho,10.5194/essd-15-2117-2023,doi,"web-2026-10-07 (DOI resolved at doi.org, title, first author and year checked)",ok,configs/sources.yaml; docs/paper/rainier3d_paper.md
livani_2023_poplain,10.5194/essd-15-4261-2023,doi,"web-2026-10-07 (DOI resolved at doi.org, title, first author and year checked)",ok,configs/sources.yaml; docs/paper/rainier3d_paper.md
ahlers_2026_germany3d,10.5194/essd-18-585-2026,doi,"web-2026-10-07 (DOI resolved at doi.org, title, first author and year checked)",ok,configs/sources.yaml; docs/paper/rainier3d_paper.md
ireson2023,10.5194/gmd-16-659-2023,doi,,cached,docs/critical_zone.md
lesparre2024,10.5194/hess-28-873-2024,doi,,cached,docs/critical_zone.md
ma2026_wtd,10.5281/zenodo.18504963,doi,"web-2026-09-24 (Zenodo record, windowed read)",cached,configs/cz.yaml; configs/sources.yaml; docs/data_policy.md; docs/paper/rainier3d_paper.md; scripts/02_surface_layers.py; src/rainier3d/surface/layers.py
10.5281/zenodo.x,10.5281/zenodo.x,doi,,failed,scripts/27_zenodo_deposit.py
glathida,10.5904/wgms-glathida-2020-10,doi,"web-2026-09-23 (file); web-2026-10-07 (DOI resolved at doi.org, title checked)",cached,configs/sources.yaml; docs/paper/rainier3d_paper.md
crescent_gen0_data,10.6084/m9.figshare.31902061,doi,web-2026-09-23 (citation); local file ~/GitHub/cascadia_obs_ensemble/data/tomography/CRESCENT_Gen0.nc,cached,configs/sources.yaml; docs/paper/rainier3d_paper.md
rgi60,10.7265/n5-rgi-60,doi,"web-2026-09-23 (file); web-2026-10-07 (DOI resolved at doi.org, title checked)",cached,configs/sources.yaml; docs/paper/rainier3d_paper.md; scripts/15_bibliography.py; src/rainier3d/surface/glaciers.py; src/rainier3d/surface/terrain.py
conner2023,10.7914/3wth-ea89,doi,,cached,docs/data_inventory.md
fdsn_z5_2025,10.7914/mcd3-ph92,doi,"web-2026-09-28 (DataCite; EarthScope station service, 240 stations 001-240, 248 epochs, 191 inside the model domain)",cached,configs/sensor_families.yaml; configs/sensor_surveys.yaml; configs/sources.yaml; docs/paper/rainier3d_paper.md
conner2021,10.7914/sn/6n_2021,doi,,cached,docs/data_inventory.md
dnr_gems_100k,,url,web-2026-09-23,,configs/cz.yaml; configs/sources.yaml; configs/units.yaml; docs/mass_movements.md; docs/paper/rainier3d_paper.md; scripts/24_mass_movements.py; src/rainier3d/export/atlas.py; src/rainier3d/surface/geology.py; src/rainier3d/surface/glaciers.py; src/rainier3d/surface/mass_movements.py
dnr_quaternary_faults,,url,web-2026-09-25 (service queried; 4 features in the model box),,configs/sources.yaml; docs/mass_movements.md; docs/paper/rainier3d_paper.md; scripts/24_mass_movements.py; src/rainier3d/surface/mass_movements.py
nps_gri_mora,,url,web-2026-09-23,,configs/sources.yaml
rainier_dem_smart_sensing,,internal,local file read 2026-09-23 (max 4392.4 m),,configs/sources.yaml
usgs_3dep,,url,web-2026-09-23,,configs/sources.yaml; configs/terrain.yaml; docs/mass_movements.md; docs/paper/rainier3d_paper.md; scripts/36_packwood_magnetics.py; src/rainier3d/surface/dem.py; src/rainier3d/surface/mass_movements.py; src/rainier3d/surface/terrain.py
pnsn_1d_wa,,internal,no: which PNSN model this is (P3 Puget Sound or C3 Cascades) is not documented in the file; ask PNSN,,configs/sources.yaml; docs/paper/rainier3d_paper.md
pnsn_quarterly_2003a,,url,web-2026-09-23,,configs/sources.yaml
comcat_uw,,url,web-2026-09-23 (89 M>=2 events in domain 2015-2026 with phase-data),,configs/gnss.yaml; configs/sources.yaml; configs/velocity_calibration.yaml; configs/velocity_calibration_v1.yaml; configs/velocity_calibration_v2.yaml; configs/vs_calibration.yaml; docs/paper/rainier3d_paper.md; scripts/12_calibrate_vs.py; scripts/13_joint_calibration.py
fdsn_iris_stations,,url,web-2026-09-23,,configs/sources.yaml
m1_placeholder,,internal,n/a,,AGENTS.md; README.md; configs/cz.yaml; configs/gnss.yaml; configs/magnetics.yaml; configs/perturbations.yaml; configs/sensor_surveys.yaml; configs/soil.yaml; configs/sources.yaml; configs/terrain.yaml; configs/units.yaml; configs/wells.yaml; docs/critical_zone.md; docs/paper/rainier3d_paper.md; src/rainier3d/surface/geology.py; src/rainier3d/surface/glaciers.py
han_terrain_2026,,internal,"n/a (author choice, no DOI)",,configs/sources.yaml; configs/terrain.yaml; src/rainier3d/surface/terrain.py
earthscope_fdsn,,url,"web-2026-09-23 (864 stations, 3969 channel epochs)",,configs/sources.yaml; docs/paper/rainier3d_paper.md
earthscope_gnss,,url,web-2026-09-23 (14 sites); ellipsoidal heights from the service not used (values implausible),,configs/sources.yaml; docs/paper/rainier3d_paper.md
synoptic_catalog,,url,,,configs/sources.yaml; docs/paper/rainier3d_paper.md
das_paradise_nisqually,,internal,"local file read 2026-09-23 (4494 channels; 3191 with coordinates, 30.5 km optical)",,configs/sources.yaml; docs/paper/rainier3d_paper.md
usgs_i432_kmz,,internal,"local file read 2026-09-23 (single GroundOverlay, 10000 x 10000 px)",,configs/overlays.yaml; configs/platform.yaml; configs/sources.yaml
nrcs_soil_poster_kmz,,internal,"local file read 2026-09-23; the whole poster is placed over a lon/lat box (hand georeferencing), cropped to the map panel",,configs/sources.yaml
aws_terrain_tiles,,url,web-2026-09-23,,configs/sources.yaml
iceboost_v2,,url,web-2026-09-23 (files downloaded; metadata read from GeoTIFF tags),,configs/sources.yaml; configs/terrain.yaml; configs/units.yaml; docs/packwood_magnetics.md; docs/paper/rainier3d_paper.md; scripts/01_surface.py; scripts/36_packwood_magnetics.py; src/rainier3d/export/atlas.py; src/rainier3d/surface/glaciers.py; src/rainier3d/surface/terrain.py
ecology_well_reports,,url,"web-2026-10-02 (16,122 reports in lon -122.30 to -121.40, lat 46.50 to 47.15, 3,192 with a static water level; 19,742 in the lon/lat envelope of the UTM model box that S31 queries; requests need a user agent)",,configs/sources.yaml; configs/wells.yaml; docs/paper/rainier3d_paper.md; src/rainier3d/hydromet/wells.py
usgs_nwis_gw,,url,"web-2026-10-02 (1,685 groundwater sites with water levels in the box; OGC API bbox and datetime filters checked)",,configs/sources.yaml; configs/wells.yaml; docs/paper/rainier3d_paper.md
wgs_subsurface_db,,url,"web-2026-10-02 (file geodatabase, June 2026 release; layers borehole_information, hydrologic, bedrock, layer_data, in_situ_test_data)",,configs/sources.yaml; configs/wells.yaml; docs/paper/rainier3d_paper.md
nhdplus_v21,,url,web-2026-09-24 (query),,configs/sources.yaml; docs/paper/rainier3d_paper.md; scripts/02_surface_layers.py; src/rainier3d/surface/layers.py
nlcd_2021,,url,web-2026-09-24 (WCS GetCoverage),,configs/sources.yaml; docs/paper/rainier3d_paper.md; src/rainier3d/surface/layers.py
nhdplus_hr,,url,"web-2026-09-24 (staged GDB download; 60,174 flowlines in the domain)",,configs/sources.yaml; docs/paper/rainier3d_paper.md; scripts/02_surface_layers.py
sentinel2_l2a,,url,web-2026-09-24 (8 acquisition days in the composite),,configs/sources.yaml; docs/paper/rainier3d_paper.md; scripts/02_surface_layers.py; src/rainier3d/export/atlas.py
panga_gnss,,url,"web-2026-09-24 (download; 188 sites in the network box, series to 2026-07-18)",,configs/gnss.yaml; configs/sources.yaml; docs/paper/rainier3d_paper.md
canopy_lidar_chm,,url,no,,configs/canopy_products.yaml; configs/sources.yaml; docs/paper/rainier3d_paper.md
sentinel2_lai_2023,,url,no,,configs/canopy_products.yaml; configs/sources.yaml; docs/canopy_pipeline.md; docs/paper/rainier3d_paper.md
soil_map_image,,internal,no,,configs/canopy_products.yaml; configs/sources.yaml; docs/paper/rainier3d_paper.md
wgs_landslide_inventory,,url,"web-2026-09-25 (service queried; 57 compilation polygons in lon -122.00 to -121.44, lat 46.70 to 47.00); S24 fetch 2026-09-25 (layers 1, 21, 131 over the model box)",,configs/sources.yaml; docs/mass_movements.md; docs/paper/rainier3d_paper.md; scripts/24_mass_movements.py; src/rainier3d/export/atlas.py; src/rainier3d/surface/mass_movements.py
riedel_dorsch_2016,,url,web-2026-09-25 (report read; 448 mass movements over 37 km2),,configs/sources.yaml; docs/paper/rainier3d_paper.md
nwac_observations,,url,web-2026-09-25 (site read),,configs/sources.yaml; docs/paper/rainier3d_paper.md
usgs_nwis_iv,,url,"web-2026-09-25 (15 gauges with discharge in the domain box, 2025-12-05 to 2025-12-14; S29 run)",,configs/events.yaml; configs/sources.yaml; docs/events.md; docs/paper/rainier3d_paper.md; src/rainier3d/hydromet/events.py
seis_hydro_2_sed,,url,"web-2026-09-25 (files read at the commit; NSE of log Q 0.95 PR03, 0.92 PR02, 0.75 STYX)",,configs/events.yaml; configs/sources.yaml; configs/virtual_sensors.yaml; docs/events.md; docs/paper/rainier3d_paper.md; scripts/29_flood_event.py; src/rainier3d/hydromet/events.py
